{
	"info": {
		"_postman_id": "c4024781-2e1d-4ce1-8f0f-15c40120c403",
		"name": "img",
		"schema": "https://schema.getpostman.com/json/collection/v2.1.0/collection.json"
	},
	"item": [
		{
			"name": "uploadfile",
			"request": {
				"method": "POST",
				"header": [],
				"body": {
					"mode": "formdata",
					"formdata": [
						{
							"key": "image",
							"type": "file",
							"src": "/C:/Users/slooi/Desktop/Capture.JPG"
						}
					]
				},
				"url": {
					"raw": "http://127.0.0.1:5000/",
					"protocol": "http",
					"host": [
						"127",
						"0",
						"0",
						"1"
					],
					"port": "5000",
					"path": [
						""
					]
				}
			},
			"response": []
		}
	],
	"protocolProfileBehavior": {}
}